statenum,stateabb,statenme,stday,stmonth,styear,endday,endmonth,endyear,source2,USA,United States of America,1,1,1816,31,12,2012,list of independent states20,CAN,Canada,1,7,1867,31,12,2012,list of independent states31,BHM,Bahamas,10,7,1973,31,12,2012,list of independent states40,CUB,Cuba,20,5,1902,31,12,2012,list of independent states41,HAI,Haiti,1,1,1816,4,7,1915,list of independent states41,HAI,Haiti,15,8,1934,31,12,2012,list of independent states42,DOM,Dominican Republic,27,2,1844,31,12,2012,list of independent states51,JAM,Jamaica,6,8,1962,31,12,2012,list of independent states52,TRI,Trinidad and Tobago,31,8,1962,31,12,2012,list of independent states53,BAR,Barbados,30,11,1966,31,12,2012,list of independent states54,DMA,"Dominica				",3,11,1978,31,12,2012,list of microstatesÊ55,GRN,"Grenada				",7,2,1974,31,12,2012,list of microstatesÊ56,SLU,"Saint	 Lucia",22,2,1979,31,12,2012,list of microstatesÊ57,SVG,"Saint	 Vincent and the Grenadines			",27,10,1979,31,12,2012,list of microstatesÊ58,AAB,"Antigua & Barbuda				",1,11,1981,31,12,2012,list of microstatesÊ60,SKN,"Saint	 Kitts	and Nevis",19,9,1983,31,12,2012,list of microstatesÊ70,MEX,Mexico,1,7,1821,31,12,2012,list of independent states80,BLZ,Belize,21,9,1981,31,12,2012,list of independent states89,UPC,United Provinces of Central America,1,7,1823,31,12,1839,list of independent states90,GUA,Guatemala,1,1,1840,31,12,2012,list of independent states91,HON,Honduras,1,1,1840,31,12,2012,list of independent states92,SAL,El Salvador,1,1,1840,31,12,2012,list of independent states93,NIC,Nicaragua,1,1,1840,31,12,2012,list of independent states94,COS,Costa Rica,1,1,1840,31,12,2012,list of independent states95,PAN,Panama,3,11,1903,31,12,2012,list of independent states99,GCL,Great Colombia,30,8,1821,22,9,1830,list of independent states100,COL,Colombia,23,9,1830,31,12,2012,list of independent states101,VEN,Venezuela,1,1,1829,31,12,2012,list of independent states110,GUY,Guyana,26,5,1966,31,12,2012,list of independent states115,SUR,Surinam,25,11,1975,31,12,2012,list of independent states130,ECU,Ecuador,13,5,1830,31,12,2012,list of independent states135,PER,Peru,9,12,1824,31,12,2012,list of independent states140,BRA,Brazil,7,9,1822,31,12,2012,list of independent states145,BOL,Bolivia,6,8,1825,31,12,2012,list of independent states150,PAR,Paraguay,1,1,1816,31,12,2012,list of independent states155,CHL,Chile,1,4,1818,31,12,2012,list of independent states160,ARG,Argentina,9,7,1816,31,12,2012,list of independent states165,URU,Uruguay,26,5,1830,31,12,2012,list of independent states200,UKG,United Kingdom,1,1,1816,31,12,2012,list of independent states205,IRE,Ireland,6,12,1921,31,12,2012,list of independent states210,NTH,Netherlands,1,1,1816,31,12,2012,list of independent states211,BEL,Belgium,4,10,1830,31,12,2012,list of independent states212,LUX,Luxembourg,11,5,1867,31,12,2012,list of independent states220,FRN,France,1,1,1816,31,12,2012,list of independent states221,MNC,"Monaco		",1,1,1816,31,12,2012,list of microstatesÊ223,LIE,"Liechtenstein				",1,1,1816,31,12,2012,list of microstatesÊ225,SWZ,Switzerland,1,1,1816,31,12,2012,list of independent states230,SPN,Spain,1,1,1816,31,12,2012,list of independent states232,AND,"Andorra				",1,1,1816,31,12,2012,list of microstatesÊ235,POR,Portugal,1,1,1816,31,12,2012,list of independent states240,HAN,Hanover,1,1,1816,17,1,1871,list of independent states245,BAV,Bavaria,1,1,1816,17,1,1871,list of independent states255,GMY,Germany (Prussia),1,1,1816,7,5,1945,list of independent states260,GFR,German Federal Republic,21,9,1949,31,12,2012,list of independent states265,GDR,German Democratic Republic,5,10,1949,2,10,1990,list of independent states267,BAD,Baden,1,1,1816,17,1,1871,list of independent states269,SAX,Saxony,1,1,1816,17,1,1871,list of independent states271,WRT,WÙrttemberg,1,1,1816,17,1,1871,list of independent states273,HSE,Hesse-Kassel (Electoral),1,1,1816,17,1,1871,list of independent states275,HSD,Hesse-Darmstadt (Ducal),1,1,1816,17,1,1871,list of independent states280,MEC,Mecklenburg-Schwerin,1,1,1816,17,1,1871,list of independent states290,POL,Poland,11,11,1918,31,12,2012,list of independent states300,AUH,Austria-Hungary,1,1,1816,13,11,1918,list of independent states305,AUS,Austria,14,11,1918,31,12,2012,list of independent states310,HUN,Hungary,3,11,1918,31,12,2012,list of independent states315,CZE,Czechoslovakia,11,11,1918,31,12,1992,list of independent states316,CZR,Czech Republic,1,1,1993,31,12,2012,list of independent states317,SLO,Slovakia,1,1,1993,31,12,2012,list of independent states325,ITA,Italy/Sardinia,1,1,1816,31,12,2012,list of independent states327,PAP,Papal States,1,1,1816,22,9,1870,list of independent states329,SIC,Two Sicilies,1,1,1816,16,3,1861,list of independent states331,SNM,"San Marino				",1,1,1816,31,12,2012,list of microstatesÊ332,MOD,Modena,1,1,1816,16,3,1861,list of independent states335,PMA,Parma,1,1,1816,16,3,1861,list of independent states337,TUS,Tuscany,1,1,1816,16,3,1861,list of independent states338,MLT,Malta,21,9,1964,31,12,2012,list of independent states339,ALB,Albania,1,1,1913,31,12,2012,list of independent states340,SER,Serbia,13,7,1878,1,10,1915,list of independent states340,SER,Serbia,5,6,2006,31,12,2012,list of independent states341,MNG,Montenegro,1,1,1868,1,7,1915,list of independent states341,MNG,Montenegro,3,6,2006,31,12,2012,list of independent states343,MAC,Macedonia (Former Yugoslav Republic of),20,11,1991,31,12,2012,list of independent states344,CRO,Croatia,27,4,1992,31,12,2012,list of independent states345,YUG,Yugoslavia,1,12,1918,4,6,2006,list of independent states346,BOS,Bosnia-Herzegovina,27,4,1992,31,12,2012,list of independent states347,KOS,Kosovo,17,2,2008,31,12,2012,list of independent states349,SLV,Slovenia,27,4,1992,31,12,2012,list of independent states350,GRC,Greece,25,4,1828,31,12,2012,list of independent states352,CYP,Cyprus,16,8,1960,31,12,2012,list of independent states355,BUL,Bulgaria,3,3,1878,31,12,2012,list of independent states359,MLD,Moldova,27,8,1991,31,12,2012,list of independent states360,RUM,Rumania,13,7,1878,31,12,2012,list of independent states365,RUS,Russia (Soviet Union),1,1,1816,31,12,2012,list of independent states366,EST,Estonia,11,11,1918,1,6,1940,list of independent states366,EST,Estonia,6,9,1991,31,12,2012,list of independent states367,LAT,Latvia,11,11,1918,1,6,1940,list of independent states367,LAT,Latvia,6,9,1991,31,12,2012,list of independent states368,LIT,Lithuania,16,2,1918,1,6,1940,list of independent states368,LIT,Lithuania,6,9,1991,31,12,2012,list of independent states369,UKR,Ukraine,1,12,1991,31,12,2012,list of independent states370,BLR,Belarus (Byelorussia),25,8,1991,31,12,2012,list of independent states371,ARM,Armenia,21,12,1991,31,12,2012,list of independent states372,GRG,Georgia,6,9,1991,31,12,2012,list of independent states373,AZE,Azerbaijan,21,12,1991,31,12,2012,list of independent states375,FIN,Finland,6,12,1917,31,12,2012,list of independent states380,SWD,Sweden,1,1,1816,31,12,2012,list of independent states385,NOR,Norway,26,8,1905,31,12,2012,list of independent states390,DEN,Denmark,1,1,1816,31,12,2012,list of independent states395,ICE,Iceland,17,6,1944,31,12,2012,list of independent states396,ABK,"Abkhazia				",26,8,2008,31,12,2012,list of microstatesÊ397,SOT,"South Ossetia	",26,8,2008,31,12,2012,list of microstatesÊ402,CAP,Cape Verde,5,7,1975,31,12,2012,list of independent states403,STP,"S‹o Tom and	Principe		",12,7,1975,31,12,2012,list of microstatesÊ404,GNB,Guinea-Bissau,10,9,1974,31,12,2012,list of independent states411,EQG,Equatorial Guinea,12,10,1968,31,12,2012,list of independent states420,GAM,Gambia,18,2,1965,31,12,2012,list of independent states432,MLI,Mali,22,9,1960,31,12,2012,list of independent states433,SEN,Senegal,4,4,1960,31,12,2012,list of independent states434,BEN,Benin,1,8,1960,31,12,2012,list of independent states435,MAA,Mauritania,28,11,1960,31,12,2012,list of independent states436,NIR,Niger,3,8,1960,31,12,2012,list of independent states437,CDI,Cote DÍIvoire,7,8,1960,31,12,2012,list of independent states438,GUI,Guinea,2,10,1958,31,12,2012,list of independent states439,BFO,Burkina Faso (Upper Volta),5,8,1960,31,12,2012,list of independent states450,LBR,Liberia,26,7,1847,31,12,2012,list of independent states451,SIE,Sierra Leone,27,4,1961,31,12,2012,list of independent states452,GHA,Ghana,6,3,1957,31,12,2012,list of independent states461,TOG,Togo,27,4,1960,31,12,2012,list of independent states471,CAO,Cameroon,1,1,1960,31,12,2012,list of independent states475,NIG,Nigeria,1,10,1960,31,12,2012,list of independent states481,GAB,Gabon,17,8,1960,31,12,2012,list of independent states482,CEN,Central African Republic,13,8,1960,31,12,2012,list of independent states483,CHA,Chad,11,8,1960,31,12,2012,list of independent states484,CON,Congo,15,8,1960,31,12,2012,list of independent states490,DRC,"Congo, Democratic Republic of (Zaire)",30,6,1960,31,12,2012,list of independent states500,UGA,Uganda,9,10,1962,31,12,2012,list of independent states501,KEN,Kenya,12,12,1963,31,12,2012,list of independent states510,TAZ,Tanzania/Tanganyika,9,12,1961,31,12,2012,list of independent states511,ZAN,Zanzibar,19,12,1963,26,4,1964,list of independent states516,BUI,Burundi,1,7,1962,31,12,2012,list of independent states517,RWA,Rwanda,7,1,1962,31,12,2012,list of independent states520,SOM,Somalia,1,7,1960,31,12,2012,list of independent states522,DJI,Djibouti,27,6,1977,31,12,2012,list of independent states530,ETH,Ethiopia,11,2,1855,31,12,2012,list of independent states531,ERI,Eritrea,24,5,1993,31,12,2012,list of independent states540,ANG,Angola,11,11,1975,31,12,2012,list of independent states541,MZM,Mozambique,25,6,1975,31,12,2012,list of independent states551,ZAM,Zambia,24,10,1964,31,12,2012,list of independent states552,ZIM,Zimbabwe (Rhodesia),11,11,1965,31,12,2012,list of independent states553,MAW,Malawi,6,7,1964,31,12,2012,list of independent states560,SAF,South Africa,31,5,1910,31,12,2012,list of independent states563,TRA,Transvaal,1,1,1852,30,5,1910,list of independent states564,OFS,Orange Free State,28,3,1854,30,5,1910,list of independent states565,NAM,Namibia,21,3,1990,31,12,2012,list of independent states570,LES,Lesotho,4,10,1966,31,12,2012,list of independent states571,BOT,Botswana,30,9,1966,31,12,2012,list of independent states572,SWA,Swaziland,6,9,1968,31,12,2012,list of independent states580,MAG,Madagascar (Malagasy),1,1,1816,5,8,1896,list of independent states580,MAG,Madagascar,26,6,1960,31,12,2012,list of independent states581,COM,Comoros,6,7,1975,31,12,2012,list of independent states590,MAS,Mauritius,12,3,1968,31,12,2012,list of independent states591,SEY,"Seychelles				",29,6,1976,31,12,2012,list of microstatesÊ600,MOR,Morocco,1,1,1816,1,1,1904,list of independent states600,MOR,Morocco,2,3,1956,31,12,2012,list of independent states615,ALG,Algeria,1,1,1816,5,7,1830,list of independent states615,ALG,Algeria,5,7,1962,31,12,2012,list of independent states616,TUN,Tunisia,1,1,1816,12,5,1881,list of independent states616,TUN,Tunisia,1,1,1956,31,12,2012,list of independent states620,LIB,Libya,1,1,1816,31,12,1834,list of independent states620,LIB,Libya,24,12,1951,31,12,2012,list of independent states625,SUD,Sudan,1,1,1956,31,12,2012,list of independent states626,SSD,South Sudan,9,7,2011,31,12,2012,list of independent states630,IRN,Iran (Persia),1,1,1816,31,12,2012,list of independent states640,TUR,Turkey (Ottoman Empire),1,1,1816,31,12,2012,list of independent states645,IRQ,Iraq,3,10,1932,31,12,2012,list of independent states651,EGY,Egypt,1,1,1827,31,12,1855,list of independent states651,EGY,Egypt,28,2,1922,31,12,2012,list of independent states652,SYR,Syria,1,1,1946,31,12,2012,list of independent states660,LEB,Lebanon,22,11,1944,31,12,2012,list of independent states663,JOR,Jordan,25,5,1946,31,12,2012,list of independent states666,ISR,Israel,14,5,1948,31,12,2012,list of independent states670,SAU,Saudi Arabia,23,9,1932,31,12,2012,list of independent states678,YEM,Yemen (Arab Republic of Yemen),30,10,1918,31,12,2012,list of independent states680,YPR,"Yemen, People's Republic of",30,11,1967,21,5,1990,list of independent states690,KUW,Kuwait,19,6,1961,31,12,2012,list of independent states692,BAH,Bahrain,15,8,1971,31,12,2012,list of independent states694,QAT,Qatar,3,9,1971,31,12,2012,list of independent states696,UAE,United Arab Emirates,2,12,1971,31,12,2012,list of independent states698,OMA,Oman,1,1,1816,31,12,2012,list of independent states700,AFG,Afghanistan,1,1,1816,30,12,1888,list of independent states700,AFG,Afghanistan,1,5,1919,31,12,2012,list of independent states701,TKM,Turkmenistan,27,10,1991,31,12,2012,list of independent states702,TAJ,Tajikistan,9,9,1991,31,12,2012,list of independent states703,KYR,Kyrgyz Republic,31,8,1991,31,12,2012,list of independent states704,UZB,Uzbekistan,31,8,1991,31,12,2012,list of independent states705,KZK,Kazakhstan,16,12,1991,31,12,2012,list of independent states710,CHN,China,1,1,1816,31,12,2012,list of independent states711,TBT,Tibet,1,1,1913,1,10,1950,list of independent states712,MON,Mongolia,13,3,1921,31,12,2012,list of independent states713,TAW,Taiwan,8,12,1949,31,12,2012,list of independent states730,KOR,Korea,1,1,1816,22,8,1910,list of independent states731,PRK,"Korea, People's Republic of",9,9,1948,31,12,2012,list of independent states732,ROK,"Korea, Republic of",15,8,1948,31,12,2012,list of independent states740,JPN,Japan,1,1,1816,31,12,2012,list of independent states750,IND,India,15,8,1947,31,12,2012,list of independent states760,BHU,Bhutan,1,1,1949,31,12,2012,list of independent states770,PAK,Pakistan,14,8,1947,31,12,2012,list of independent states771,BNG,Bangladesh,16,12,1971,31,12,2012,list of independent states775,MYA,Myanmar (Burma),1,1,1816,31,12,1885,list of independent states775,MYA,Myanmar (Burma),4,1,1948,31,12,2012,list of independent states780,SRI,Sri Lanka (Ceylon),4,2,1948,31,12,2012,list of independent states781,MAD,Maldives,26,5,1965,31,12,2012,list of independent states790,NEP,Nepal,1,1,1816,31,12,2012,list of independent states800,THI,Thailand,1,1,1816,31,12,2012,list of independent states811,CAM,Cambodia (Kampuchea),9,11,1953,31,12,2012,list of independent states812,LAO,Laos,1,5,1954,31,12,2012,list of independent states815,VNM,Vietnam (Annam/Cochin China/Tonkin),1,1,1816,1,1,1893,list of independent states816,DRV,"Vietnam, Democratic Republic of",1,5,1954,31,12,2012,list of independent states817,RVN,"Vietnam, Republic of",1,5,1954,30,4,1975,list of independent states820,MAL,Malaysia,31,8,1957,31,12,2012,list of independent states830,SIN,Singapore,9,8,1965,31,12,2012,list of independent states835,BRU,Brunei,1,1,1984,31,12,2012,list of independent states840,PHI,Philippines,4,7,1946,31,12,2012,list of independent states850,INS,Indonesia,17,8,1945,31,12,2012,list of independent states860,ETM,East Timor,20,5,2002,31,12,2012,list of independent states900,AUL,Australia,1,1,1901,31,12,2012,list of independent states910,PNG,Papua New Guinea,16,9,1975,31,12,2012,list of independent states920,NEW,New Zealand,1,9,1907,31,12,2012,list of independent states935,VAN,"Vanuatu				",30,6,1980,31,12,2012,list of microstatesÊ940,SOL,Solomon Islands,7,7,1978,31,12,2012,list of independent states950,FJI,Fiji,10,10,1970,31,12,2012,list of independent states970,KBI,"Kiribati				",12,7,1979,31,12,2012,list of microstatesÊ971,NAU,"Nauru				",31,12,1968,31,12,2012,list of microstatesÊ972,TON,"Tonga				",4,6,1970,31,12,2012,list of microstatesÊ973,TUV,"Tuvalu		",1,10,1978,31,12,2012,list of microstatesÊ983,MSI,"Marshall Islands		",21,10,1986,31,12,2012,list of microstatesÊ986,PAL,Palau,1,10,1994,31,12,2012,list of microstatesÊ987,FSM,"Federated	States of Micronesia		",3,11,1986,31,12,2012,list of microstatesÊ990,WSM,Samoa/Western Samoa,1,1,1962,31,12,2012,list of microstatesÊ